Customer ID,Customer Name,Phone Number
606345,Jennifer Rodriguez,560-806-2160
197834,Nancy Anderson,908-159-9767
500841,Elizabeth Walker,436-793-7485
787144,Anthony King,641-465-8655
416195,Sandra Jackson,121-471-6915
608971,Anthony White,718-417-9626
556556,James Martinez,962-690-7552
301130,William King,410-129-7792
125235,Elizabeth Johnson,568-821-7933
893896,James Harris,919-146-4918
921604,Richard Martin,711-341-2334
290812,Jessica Moore,565-656-4244
299164,Lisa Lewis,136-855-8128
389610,Charles Clark,332-809-4235
591981,Elizabeth Harris,640-843-4818
959849,Mary White,530-609-8320
895789,Elizabeth Brown,285-177-9026
887045,Matthew Smith,852-743-8435
558063,Robert Martin,178-888-6098
690466,Barbara Lewis,404-820-7532
666010,Mary Lewis,520-416-2530
568371,Sarah Davis,209-165-7985
675512,Richard Johnson,697-776-1017
276510,Lisa Johnson,835-854-1023
246371,Lisa Jones,290-715-6444
778262,Michael Jackson,610-705-5654
447300,Susan Harris,135-909-6381
202054,Karen Miller,427-456-5623
460412,Barbara Anderson,134-657-5258
742574,John Young,257-726-5509
366086,Elizabeth Brown,442-893-2736
196781,Nancy Jones,227-455-7945
107593,Nancy Hernandez,124-446-7594
783863,James Brown,384-593-3686
136868,Jennifer Hall,860-812-5568
333771,Richard Rodriguez,215-831-6153
653265,David Lee,749-894-1431
302168,Betty Garcia,631-376-4311
641910,Anthony Lee,667-939-2231
248306,Mary Johnson,749-401-4556
988321,Patricia Walker,416-128-4627
114419,James Thompson,513-813-4900
814637,Sarah Thompson,458-484-4183
572086,Sandra Smith,662-663-6350
223783,James Hall,809-429-2507
258737,Jennifer Jones,532-884-6499
926669,Daniel King,340-961-3619
379121,John Johnson,235-705-2663
970677,Sandra Allen,530-830-7295
634600,Patricia Allen,307-395-7961
664623,Sarah Lee,223-490-7496
569719,Mark Hall,424-285-1679
140398,Jessica Rodriguez,649-817-9272
411315,Christopher Allen,389-691-9032
214995,Betty Jackson,365-336-2275
104714,Elizabeth Jackson,845-993-5136
367681,Christopher Rodriguez,299-331-7037
850018,Mark Anderson,365-641-2977
943671,Nancy Garcia,999-440-6965
835667,Thomas Davis,463-188-4138
372776,Sandra Walker,865-561-1076
524817,Barbara Jones,123-822-7551
921901,James Davis,236-137-1352
583308,Jennifer Miller,852-346-5207
954055,Betty Allen,673-724-9461
835381,Karen Lewis,486-342-7968
253778,Charles Brown,969-212-7751
105299,Betty Garcia,754-219-1185
467523,Mary Walker,214-812-2564
376483,Elizabeth Hernandez,815-189-1994
319911,Michael Rodriguez,660-528-6999
872941,Elizabeth Martinez,739-551-8593
856608,Thomas Allen,932-985-4643
269137,Barbara Hernandez,888-373-3527
636192,Lisa Clark,940-109-7045
837848,Matthew Thomas,129-368-6078
766967,William Davis,512-158-6713
845265,Barbara Miller,932-508-8786
203060,Linda Martinez,786-562-4439
378761,Sarah Smith,706-123-1215
688040,Thomas Clark,164-577-1735
280590,Robert Brown,738-397-9408
404870,Susan Williams,542-541-8134
651538,David Clark,843-921-1503
729154,Barbara Martinez,965-689-5539
343402,Margaret Garcia,363-573-3979
181265,Margaret Lewis,798-732-5538
926157,Charles Jones,549-252-2107
938834,Margaret Garcia,511-376-2185
194058,Mark Walker,557-341-9580
540513,Sandra King,783-469-5253
538641,Joseph Martinez,121-706-8681
858602,Lisa Lewis,831-256-1544
920756,James Allen,199-606-6225
375278,Joseph Harris,303-946-5085
500999,Karen Thompson,460-134-9260
815233,John Jackson,401-298-5134
911514,Patricia Williams,715-488-4100
345872,Jessica Robinson,525-706-9800
298910,Lisa Jones,202-973-5872
523863,Richard Martin,649-713-4012
548747,Joseph Martin,430-516-3504
422547,Christopher Garcia,790-601-3359
134987,Barbara Taylor,566-421-6672
496548,Joseph Martinez,351-665-8211
350467,Barbara Hernandez,453-576-9495
206586,Charles Williams,850-441-6490
191764,Richard Jones,388-462-1382
975706,Christopher Robinson,751-257-9533
899224,Barbara Hall,262-721-1554
815450,Sarah Taylor,671-372-3372
235823,James Rodriguez,139-649-2273
478871,Nancy Williams,483-456-7240
889452,Anthony Jones,769-974-6349
918069,Thomas Brown,873-430-4482
619832,Mary Thomas,339-292-3960
601025,Matthew Robinson,944-828-7074
708983,Karen Brown,197-792-9823
725681,John Wilson,845-976-3653
602063,Richard Garcia,637-211-1127
827062,Robert Rodriguez,556-470-8923
508713,Susan Brown,727-231-5886
863131,William King,804-406-7587
745492,Joseph White,677-316-6290
390271,Michael Robinson,912-576-3682
783300,David Anderson,976-589-9867
394195,Lisa Rodriguez,397-738-6570
511694,Margaret Williams,151-544-9967
797478,Jennifer Garcia,538-745-3548
591074,Daniel Garcia,132-750-6621
329811,James Brown,709-111-2788
565382,Jennifer Walker,366-852-9074
614907,Charles Clark,649-774-6281
265072,Karen Young,278-361-3726
254523,Michael Thomas,703-283-4228
785355,Daniel Hall,200-702-7065
402675,William Clark,737-168-8732
671960,John Williams,865-766-8582
183371,William Jackson,924-196-3817
990778,Charles Smith,645-557-6132
386906,Mark Hall,284-906-9153
310126,Elizabeth Hernandez,162-585-2315
420860,Thomas Davis,926-525-4860
577890,John Wilson,274-366-8946
525462,Joseph Lewis,595-647-5149
917224,David Anderson,683-737-6560
947566,Jessica Anderson,955-893-2011
937017,Thomas Allen,580-511-1379
447570,Margaret Hall,852-289-9418
282487,Thomas Miller,334-541-3710
956237,Daniel White,967-186-2975
423114,Michael Walker,536-314-5721
142238,Charles Hernandez,608-860-8651
592481,Thomas Lewis,464-772-8834
323628,William Taylor,804-996-9169
436844,Mark Martin,724-281-9045
445190,Barbara Allen,630-966-3115
245338,Margaret Martin,969-136-8849
323393,Daniel Moore,925-489-3164
878091,Barbara Anderson,231-934-3487
521592,Patricia Johnson,812-911-2222
748147,Elizabeth Walker,356-593-3547
407564,William Moore,947-961-2875
195690,James Lewis,784-139-6350
597398,John Harris,925-869-4932
989131,Daniel Robinson,406-542-7046
462623,Christopher Taylor,266-409-8125
861103,Mark Johnson,848-520-5623
249840,Susan White,875-879-6574
658592,Matthew Thompson,146-258-6044
105431,Nancy Hernandez,223-955-1845
672439,Joseph Garcia,968-697-9068
505091,Joseph Thompson,745-452-3027
691256,James Moore,829-903-2904
143668,Patricia Wilson,100-183-1026
968342,John Clark,860-351-9477
719756,Betty Johnson,344-702-8119
945199,Linda Brown,283-161-8834
147094,Daniel Allen,354-933-2472
930375,Linda Smith,687-418-3565
210838,Jennifer King,578-906-3567
463067,Mark Brown,346-419-1075
661511,Jennifer Wilson,800-210-7350
132718,Betty Jones,455-472-7390
474146,Jennifer Harris,930-381-9955
919353,James Young,668-571-2331
791072,Charles Moore,413-160-5872
334097,Robert Walker,498-572-3511
325998,William Lewis,378-983-1759
948314,Robert Hernandez,918-695-8819
183706,Susan Lee,876-843-7839
426989,Charles Garcia,817-700-9214
272986,Patricia Miller,499-850-2482
356928,Thomas White,290-975-3393
148455,Jessica Robinson,241-917-9161
322427,Joseph Anderson,773-417-8729
653131,Mary Garcia,431-733-3431
497405,Thomas Garcia,518-734-1829
220910,Lisa Harris,557-303-7848
830713,Mark Harris,231-933-8609
